Taxa,coeff,p,padj,Treatment,Mean_Ctrl,Mean_BMc,Sd_Ctrl,Sd_BMc,Taxonomic_Level,N-Fertilization-Intensity
Dichotomopilus;OTU8,-57139.22,8.677787632934515e-4,0.0039773194968209845,Int,0.014409890617708481,1.8943268698900533e-4,0.017345190148935045,3.7886537397801065e-4,OTU,Int
Chaetomiaceae_gen_Incertae_sedis;OTU13,1559.88,8.677787588156732e-4,0.0039773194968209845,Int,0.0014901649115835486,0.046682530147031345,0.0029803298231670973,0.008588481230882038,OTU,Int
Sporobolomyces;OTU15,-167.4,0.0042741635151860805,0.018806319466818756,Int,0.3046579164212849,0.11215047836767678,0.15684294711546373,0.045957985352833686,OTU,Int
Hirsutella;OTU24,4825.44,8.677787588424087e-4,0.0039773194968209845,Int,0.0012808128508758384,0.02551719593572476,0.001956213901635228,0.017443129254204395,OTU,Int
Rhizophydiales_gen_Incertae_sedis;OTU68,-3604.52,0.013623172376626682,0.04541057498782116,Int,0.0056296237492660965,0,0.004465400800355087,0,OTU,Int
Rozellomycota_gen_Incertae_sedis;OTU72,9885.19,8.677787589500094e-4,0.0039773194968209845,Int,0.002835747080703819,0.02021678726317282,0.002445357822771247,0.011747603876512185,OTU,Int
Glomus;OTU74,4025.64,8.677787588239051e-4,0.0039773194968209845,Int,6.751660108188764e-4,0.03100596555865186,4.554716439522361e-4,0.020880861571130935,OTU,Int
Glomus;OTU75,17455.91,8.677787590686333e-4,0.0039773194968209845,Int,0,0.012428453104909207,0,0.017135476082340968,OTU,Int
Mortierella;OTU90,2024.26,0.0061442310749372,0.025600962812238334,Int,0.0013594065484304567,0.005581559154415628,0.0012314378090293033,0.0021551883254963666,OTU,Int
Mortierella;OTU91,160.19,0.00552936059743157,0.02375897131708878,Int,0.09180110431202958,0.3600864275432159,0.016179008735990517,0.20165919601679383,OTU,Int
Pyrenochaeta;OTU99,240.75,0.012715304390882717,0.04541057498782116,Int,0.003993588639845099,0.02634479706691467,0.006014367324600427,0.01494436994004208,OTU,Int
Pezizales_gen_Incertae_sedis;OTU102,1597.72,0.005862660843407812,0.024803565106725357,Int,0.0011469249789959571,0.006190311856828541,0.0012812068547095616,0.0025670588803920116,OTU,Int
Betamyces;OTU117,-82330.95,8.677787729153711e-4,0.0039773194968209845,Int,0.04205670457869361,0.010535733676123605,0.017632022099330864,0.0074510876112426115,OTU,Int
Betamyces;OTU120,9138.66,8.677787590005148e-4,0.0039773194968209845,Int,0.0025314697610929063,0.024451199068020353,0.0037538987697368132,0.012840069725261598,OTU,Int
Chytridiomycota_gen_Incertae_sedis;OTU121,-4534,8.677787588115857e-4,0.0039773194968209845,Int,0.05309213172672244,0.02646347205842888,0.006113853627613338,0.009483214341288257,OTU,Int
Lecythophora;OTU137,46876.04,8.677787615249615e-4,0.0039773194968209845,Int,0.003774191939273662,0.024494894305137783,0.003673392442850703,0.01418274962591953,OTU,Int
Coniochaeta;OTU142,2278.81,8.677787588841671e-4,0.0039773194968209845,Int,0.012444907497979212,0.074492139740074,0.004274170025766925,0.03522218483600419,OTU,Int
Sclerostagonospora;OTU148,52.09,8.677787588474758e-4,0.0039773194968209845,Int,0.030138483830355757,1.4254331627933858,0.013711472695388843,0.5913822843554141,OTU,Int
Talaromyces;OTU149,-154.35,8.677787589601989e-4,0.0039773194968209845,Int,0.6569172162720155,0.0587683947966809,0.3345042474498488,0.04502863549824817,OTU,Int
Hypocreales_gen_Incertae_sedis;OTU171,11301,8.677787605919154e-4,0.0039773194968209845,Int,0,0.047331142673285115,0,0.05417819042244191,OTU,Int
Onygenales_gen_Incertae_sedis;OTU177,12787.9,8.67778759330199e-4,0.0039773194968209845,Int,0,0.023137208948939218,0,0.03308410765692302,OTU,Int
Xylariales_gen_Incertae_sedis;OTU178,-9949.41,0.013623172432312997,0.04541057498782116,Int,0.00432018868378338,0,0.0055143820305049,0,OTU,Int
Sporormiella;OTU194,286.02,8.677787588820271e-4,0.0039773194968209845,Int,0.01349663602068169,0.5339076552958745,0.011503346907780626,0.3851278326394366,OTU,Int
Preussia;OTU195,-178.69,8.677787588808844e-4,0.0039773194968209845,Int,0.7255575049972143,0.24139465849243708,0.1474778552646577,0.039563457919790164,OTU,Int
Sporormiaceae_gen_Incertae_sedis;OTU197,258.05,8.677787590663236e-4,0.0039773194968209845,Int,0.049179189429566394,0.7647693106229111,0.02857472234731124,0.7409905771516533,OTU,Int
Gymnoascus;OTU198,-1087.33,8.677787588097093e-4,0.0039773194968209845,Int,0.15398696243481713,0.053589606906070245,0.05229884808841612,0.01635073204991728,OTU,Int
Leucothecium;OTU205,-635.72,8.677787590650933e-4,0.0039773194968209845,Int,0.41508887934402927,0.09626674882463088,0.2439836012488647,0.03645034622310719,OTU,Int
Aaosphaeria;OTU207,992.09,8.677787588327395e-4,0.0039773194968209845,Int,0.018294741174390818,0.09535973323137921,0.013678436923796524,0.010627013432035103,OTU,Int
Rozellomycota_gen_Incertae_sedis;OTU208,3679.82,0.013623172477851974,0.04541057498782116,Int,0,0.007952198067418476,0,0.006854190746076549,OTU,Int
Gibellulopsis;OTU245,1804.39,8.677787598979619e-4,0.0039773194968209845,Int,0.1092124299966935,0.35696436404452203,0.051105083803168895,0.16037798847225856,OTU,Int
Aspergillus;OTU252,-268.8,0.01456488964525036,0.04772242570768432,Int,0.021408497575029113,0.0040028311546274915,0.011707204967923482,0.0034503775928243744,OTU,Int
Plenodomus;OTU263,6456.87,0.013623172467408635,0.04541057498782116,Int,0,0.00437609889919101,0,0.0037509622991524333,OTU,Int
Monographella;OTU276,253830.05,8.677787649390809e-4,0.0039773194968209845,Int,1.8152773743828056e-4,0.004706284249676204,3.6305547487656113e-4,0.0036864478058230704,OTU,Int
Ascomycota_gen_Incertae_sedis;OTU291,18.79,0.006089633286401477,0.025567162652830627,Int,0.14423639143108263,0.5980968379836449,0.096766970087588,0.25155362282922594,OTU,Int
Periconia;OTU292,3598.28,8.677787593687058e-4,0.0039773194968209845,Int,0.013245367402919568,0.10976137965660639,0.013640866911208995,0.04916499277718271,OTU,Int
Onygenales_gen_Incertae_sedis;OTU297,-6169.7,0.013623172370169268,0.04541057498782116,Int,0.003223765224597816,0,0.002453238949309517,0,OTU,Int
Fusidium;OTU307,8023.28,0.013623172479324704,0.04541057498782116,Int,0,0.0038631101830327043,0,0.0032238140430362193,OTU,Int
Lobulomycetales_gen_Incertae_sedis;OTU310,3885.85,0.005499860526647087,0.02375897131708878,Int,2.483608185972581e-4,0.0052781572151019834,4.967216371945162e-4,0.0035901861702757765,OTU,Int
Thelebolaceae_gen_Incertae_sedis;OTU327,-2878.52,8.677787599295702e-4,0.0039773194968209845,Int,0.22372925356988826,0.0770157996526215,0.1208787641563908,0.019057843636398893,OTU,Int
Pseudocoleophoma;OTU341,-9865.13,0.013623172461513984,0.04541057498782116,Int,0.005577933749738235,0,0.0056423131693501246,0,OTU,Int
Cephalotrichiella;OTU342,-423.4,0.007663622295032367,0.03169167114487069,Int,0.021478129816546565,0.0037778572073078015,0.010648759150224096,0.0043989414911722695,OTU,Int
Articulospora;OTU349,4044.05,0.00800960899216024,0.03287526078871741,Int,4.548512250529742e-4,0.004294163243850294,5.296488141627388e-4,0.0031090683378449183,OTU,Int
Trichoderma;OTU354,56.48,8.677787588385299e-4,0.0039773194968209845,Int,0.453743361140442,2.796261974536462,0.2595727032595125,1.1018903601377146,OTU,Int
Sordariales_gen_Incertae_sedis;OTU365,-2513.81,8.677787588192909e-4,0.0039773194968209845,Int,0.04917563059681458,2.0265067077372028e-4,0.02132814250448855,4.0530134154744056e-4,OTU,Int
Claroideoglomus;OTU370,-6690.49,0.013623172496346347,0.04541057498782116,Int,0.004736031150946805,0,0.004067067020587243,0,OTU,Int
Schizothecium;OTU382,2075.99,8.677787589363433e-4,0.0039773194968209845,Int,0.025256473842765113,0.10079995374802647,0.011857624391579051,0.060818918310111374,OTU,Int
Sordariales_gen_Incertae_sedis;OTU390,-1235.81,8.677787589636106e-4,0.0039773194968209845,Int,0.11364711103653988,0.028264526130398666,0.03432476177551081,0.013271781524095961,OTU,Int
Neoschizothecium;OTU392,1147.76,8.677787591745829e-4,0.0039773194968209845,Int,0.041946971090150505,0.24987273498553597,0.033560393543201235,0.1811058219808927,OTU,Int
Hypocreales_gen_Incertae_sedis;OTU396,-97.52,8.677787588839657e-4,0.0039773194968209845,Int,1.16778407556596,0.28559992523216066,0.2814676819359869,0.19536460191851943,OTU,Int
Sordariales_gen_Incertae_sedis;OTU400,198.6,8.67778759147516e-4,0.0039773194968209845,Int,0.051202345815887236,1.124145574016576,0.026184865045998523,1.0209672027015706,OTU,Int
Nectriaceae_gen_Incertae_sedis;OTU404,-210.71,8.677787589404241e-4,0.0039773194968209845,Int,0.6532506681425155,0.16103650042549544,0.15760900937612762,0.05766089864198065,OTU,Int
Sordariales_gen_Incertae_sedis;OTU406,-44215.51,8.677787597837047e-4,0.0039773194968209845,Int,0.008708701372780242,0,0.012446031716385968,0,OTU,Int
Hypocreales_gen_Incertae_sedis;OTU411,3210.21,8.677787593961648e-4,0.0039773194968209845,Int,0.002888358508341627,0.08822472703569663,0.002060700452841385,0.08282156687596084,OTU,Int
Hypocreales_gen_Incertae_sedis;OTU412,7166.23,8.677787589754637e-4,0.0039773194968209845,Int,0.01866533745000819,0.04398258047480516,0.003288327624942593,0.014898455052809411,OTU,Int
Hypocreales_gen_Incertae_sedis;OTU413,19161.05,8.677787591010574e-4,0.0039773194968209845,Int,0.0011469249789959571,0.013194875202380829,0.0012812068547095616,0.007011711516508747,OTU,Int
Valsonectria;OTU417,4795.05,0.013623172495840752,0.04541057498782116,Int,0,0.01314489600547554,0,0.01351881098673271,OTU,Int
Sordariales_gen_Incertae_sedis;OTU425,156158.32,8.677787600596096e-4,0.0039773194968209845,Int,0.001434294555482763,0.005002670862296322,0.0018376040999385885,8.22054805706913e-4,OTU,Int
Sordariales_gen_Incertae_sedis;OTU426,755.02,8.677787594035422e-4,0.0039773194968209845,Int,0.014147061072045056,0.4146192098184194,0.008994264273820395,0.6394755352159861,OTU,Int
Glomeraceae_gen_Incertae_sedis;OTU435,1493.94,8.677787589700716e-4,0.0039773194968209845,Int,4.268051922216184e-4,0.06421472622911653,4.933489624109307e-4,0.03321731050902755,OTU,Int
Hypholoma;OTU459,8045.6,0.013623172468369646,0.04541057498782116,Int,0,0.00611788022060576,0,0.006964577123959194,OTU,Int
Hypocreales_gen_Incertae_sedis;OTU479,1756.99,8.677787590621205e-4,0.0039773194968209845,Int,0.002909840539334159,0.11060186394951649,0.0020925669001273235,0.13158045209431063,OTU,Int
Pyrenochaetopsis;OTU507,2492.6,8.677787588743576e-4,0.0039773194968209845,Int,0.021094387296369952,0.0804399079723013,0.011151536758359316,0.029567604235031852,OTU,Int
Pleosporales_gen_Incertae_sedis;OTU515,339.81,0.011480555143457378,0.04415598132098992,Int,0.002327089262464605,0.019240484124781746,0.0034332390279267215,0.011671679548065863,OTU,Int
Vishniacozyma;OTU525,-45803.84,8.677787591941747e-4,0.0039773194968209845,Int,0.00622773647441321,0,0.004152788134553959,0,OTU,Int
Ramophialophora;OTU529,-604.07,0.01029051050663362,0.040427005561774934,Int,0.09284940943251062,0.001454700983423424,0.15576380236943946,0.0017815090661922898,OTU,Int
Hypocreales_gen_Incertae_sedis;OTU532,12355.64,8.677787589577322e-4,0.0039773194968209845,Int,0,0.00749820398139917,0,0.0040265907602529015,OTU,Int
Hypocreaceae_gen_Incertae_sedis;OTU535,6886.94,8.677787591868728e-4,0.0039773194968209845,Int,0.002979978693868983,0.03819487172840125,0.0015833625863069453,0.023130683231286635,OTU,Int
Ceratobasidiaceae_gen_Incertae_sedis;OTU537,49308.96,8.677787601445227e-4,0.0039773194968209845,Int,0,0.00993912264289755,0,0.009195663320062823,OTU,Int
Actinomucor;OTU539,8264.89,8.677787589756385e-4,0.0039773194968209845,Int,0.0027179690606105957,0.027352916676763372,0.002463012834422298,0.011174729590570342,OTU,Int
Actinomucor;OTU540,4787.13,8.677787591188396e-4,0.0039773194968209845,Int,0.006543854342327601,0.059830026581405925,0.008223301277115886,0.02795091652862244,OTU,Int
Typhula;OTU550,17145.67,8.677787588415014e-4,0.0039773194968209845,Int,2.0649040645571607e-4,0.006788615470371269,4.1298081291143215e-4,0.005476836659847959,OTU,Int
Agaricomycetes_gen_Incertae_sedis;OTU552,15971.13,8.677787588456426e-4,0.0039773194968209845,Int,0.010638057762584923,0.018608108230941924,0.004542503949837569,0.0028061508241092555,OTU,Int
Cheilymenia;OTU567,-9920.77,8.677787591996367e-4,0.0039773194968209845,Int,0.024908748569219354,0.0016212053661897622,0.02420854065356521,0.0032424107323795245,OTU,Int
Halosphaeriaceae_gen_Incertae_sedis;OTU579,-301.22,8.677787589351051e-4,0.0039773194968209845,Int,0.3390972226910819,0.004038377734410657,0.12260012920958485,0.002150088732531763,OTU,Int
Hymenoscyphus;OTU582,1867.98,0.013623172426050318,0.04541057498782116,Int,0,0.012639249937107263,0,0.011004529181421217,OTU,Int
Ascomycota_gen_Incertae_sedis;OTU595,97.11,8.677787592635862e-4,0.0039773194968209845,Int,0.018526668478664066,2.862239933248012,0.008155122287884925,4.609955315320124,OTU,Int
Magnaporthales_gen_Incertae_sedis;OTU596,1224.28,8.677787589088268e-4,0.0039773194968209845,Int,0.01410167877493185,0.08712230409308978,0.008579636981662806,0.028204639133368358,OTU,Int
Ceratobasidium;OTU609,9301.98,8.677787588103748e-4,0.0039773194968209845,Int,4.298885560355387e-4,0.013348027860606917,5.082486164397963e-4,0.0050586572264356595,OTU,Int
Mucor;OTU625,-2667.33,8.677787592374898e-4,0.0039773194968209845,Int,0.15061047882260462,0.0461654994036413,0.07547370008420394,0.0172337734954965,OTU,Int
Tranzscheliella;OTU638,786.25,0.004092695829248071,0.018153086339406765,Int,0.002598302842251884,0.02905122407897089,0.004283516098523176,0.018115215871107416,OTU,Int
Absidia;OTU641,543.63,0.01537365286322446,0.04973828867513796,Int,1.8152773743828056e-4,0.016731842062160086,3.6305547487656113e-4,0.018537086577564237,OTU,Int
Chytridiomycota_gen_Incertae_sedis;OTU659,-914.66,0.005587060500089937,0.0238208005817788,Int,0.01612747925172552,0.00284149030483508,0.005953510192481985,0.00568298060967016,OTU,Int
Fungi_gen_Incertae_sedis;OTU660,-6975.79,0.013623172369962022,0.04541057498782116,Int,0.005412866993384727,0,0.004746718132756842,0,OTU,Int
Rhizophlyctis;OTU661,19308.92,8.677787791563241e-4,0.0039773194968209845,Int,0.001752174544841936,0.13434991352431383,7.985199331941292e-4,0.13455776248958412,OTU,Int
Tausonia;OTU682,6586.34,8.677787658257574e-4,0.0039773194968209845,Int,0.267587433665906,0.5550607670953265,0.07251017529530147,0.1754110268351679,OTU,Int
Exophiala;OTU687,-348262.81,8.677787725288463e-4,0.0039773194968209845,Int,0.0060140630823457605,4.108989709619333e-4,0.008365886093265638,4.773402238921173e-4,OTU,Int
Acremonium;OTU689,680.8,8.677787597510616e-4,0.0039773194968209845,Int,0.0412098151542599,0.679774207879511,0.015304474758109605,0.6201083752060632,OTU,Int
Stachybotryaceae_gen_Incertae_sedis;OTU693,1145.91,8.677787588253505e-4,0.0039773194968209845,Int,8.428693689469708e-4,0.09357852874688292,6.834476297107486e-4,0.06826652886862923,OTU,Int
Albifimbria;OTU696,13906.19,8.677787590499647e-4,0.0039773194968209845,Int,0.0011081379306683355,0.014913999679930841,0.0014235443567285548,0.011888377827590833,OTU,Int
Paramicrothyrium;OTU703,636.24,8.677787588135516e-4,0.0039773194968209845,Int,0.0071248097107574045,0.165988384456074,0.0012058174144246063,0.11020035872073995,OTU,Int
Clonostachys;OTU713,-132.9,0.014577031852529029,0.04772242570768432,Int,0.10684242493959213,0.02618838160843735,0.11183345609732566,0.015472602555231394,OTU,Int
Ascomycota_gen_Incertae_sedis;OTU716,139.81,8.677787589723843e-4,0.0039773194968209845,Int,0.17140386362401974,1.4770039352423718,0.068137725267894,0.8432210044087137,OTU,Int
Tetracladium;OTU727,1625.59,8.677787589894682e-4,0.0039773194968209845,Int,0.09501483463158711,0.2109357529469994,0.03527763588408395,0.07033561351434191,OTU,Int
Tetracladium;OTU732,1290.05,8.67778758851145e-4,0.0039773194968209845,Int,0.0022049620069803646,0.06132963110285871,0.0016524534730315231,0.02008641168904882,OTU,Int
Ambispora;OTU735,1521.36,8.67778758822977e-4,0.0039773194968209845,Int,0.008587723137931564,0.08663097836419935,0.004615252379153579,0.045369398557538014,OTU,Int
Fusarium;OTU740,4525.44,8.677787588908309e-4,0.0039773194968209845,Int,0.008900881178804533,0.04271327870796987,0.007276461333348546,0.01904781820438284,OTU,Int
Lophiotrema;OTU749,60699.91,8.67778759083493e-4,0.0039773194968209845,Int,0,0.0036833824970291707,0,0.0029853913798907734,OTU,Int
Alternaria;OTU750,983.53,0.008549019367406308,0.03457324008877551,Int,0.003581923186339115,0.01829688953337454,0.0028918915862437534,0.017326436098656466,OTU,Int
Neosetophoma;OTU786,645.98,8.677787588702013e-4,0.0039773194968209845,Int,0.05322860401778034,0.3051342543258821,0.047557534828462256,0.09172752179982789,OTU,Int
Ophiosphaerella;OTU789,52.48,0.010445070754628574,0.040743183794650466,Int,0.08224824712091561,0.2419801289029021,0.07093548143245629,0.11928890371851791,OTU,Int
Pleosporales_gen_Incertae_sedis;OTU797,18056.69,8.67778758952795e-4,0.0039773194968209845,Int,1.8152773743828056e-4,0.008552578926049886,3.6305547487656113e-4,0.00956657642329503,OTU,Int
Rhizophydiales_gen_Incertae_sedis;OTU820,-10676.42,8.677787589953807e-4,0.0039773194968209845,Int,0.016487525411732307,0,0.012674729990744971,0,OTU,Int
Agaricomycetes_gen_Incertae_sedis;OTU824,12984.13,8.67778758827731e-4,0.0039773194968209845,Int,2.0649040645571607e-4,0.008871775319026111,4.1298081291143215e-4,0.004941286911891183,OTU,Int
Spizellomyces;OTU829,3399.71,8.677787588211535e-4,0.0039773194968209845,Int,0.004250226093897613,0.037486071927954515,0.004221143629057203,0.018906354476344277,OTU,Int
Chrysozymaceae_gen_Incertae_sedis;OTU852,-11719.16,8.677787589865952e-4,0.0039773194968209845,Int,0.01511709698726562,0,0.010362166153312818,0,OTU,Int
Penicillium;OTU864,-1316.79,8.677787598850762e-4,0.0039773194968209845,Int,0.3544096967743494,0.03656495503252157,0.2188580931066445,0.020941584203012273,OTU,Int
Panaeolus;OTU879,386.33,8.677787589171752e-4,0.0039773194968209845,Int,0.004060467865916946,0.40839534346391376,0.0021546471238498483,0.53304618815489,OTU,Int
Clitocybe;OTU905,28898.39,8.677787589296865e-4,0.0039773194968209845,Int,3.6305547487656113e-4,0.00617109959934674,7.261109497531223e-4,0.0032380834627645664,OTU,Int
Operculomyces;OTU933,-56413.25,8.677787639184035e-4,0.0039773194968209845,Int,0.025707785926962413,0,0.03497826903936496,0,OTU,Int
Entoloma;OTU937,13416.97,8.677787589078882e-4,0.0039773194968209845,Int,0,0.01002821550868236,0,0.009925790314988503,OTU,Int
Lobulomycetales_gen_Incertae_sedis;OTU939,3754.71,8.67778760859805e-4,0.0039773194968209845,Int,0.009830842590323303,0.17697054026474784,0.0031431675669478087,0.18270924109871467,OTU,Int
Ascomycota_gen_Incertae_sedis;OTU967,698.1,8.677787591705531e-4,0.0039773194968209845,Int,0.3384065584065973,0.7707326693037986,0.0981047011602939,0.19121858975861616,OTU,Int
Conocybe;OTU983,5689.17,0.013623172396112835,0.04541057498782116,Int,0,0.004070210349527044,0,0.0030845344854230294,OTU,Int
Piptocephalis;OTU998,-3477.95,8.677787589102507e-4,0.0039773194968209845,Int,0.07322475422596016,0.023201365060667348,0.022366092513309333,0.0031260360195656295,OTU,Int
Fungi_gen_Incertae_sedis;OTU1010,6185.03,8.677787589686367e-4,0.0039773194968209845,Int,0.0215956586603171,0.05267559746423378,0.008824992603230386,0.016617283450168198,OTU,Int
Spizellomycetales_gen_Incertae_sedis;OTU1024,9402.14,0.003956470581821306,0.01783654879574458,Int,2.2031478576590231e-4,0.02431614587297679,4.4062957153180463e-4,0.02130772594878577,OTU,Int
Coprinellus;OTU1029,764.81,0.004416510031854644,0.019278416805714713,Int,0.0047729761459218084,0.03874236295409237,0.005362884840512562,0.02909483773417792,OTU,Int
Ascomycota_gen_Incertae_sedis;OTU1056,-531.32,0.015364143655640409,0.04973828867513796,Int,0.013202970296830855,0.004276031878950367,0.005746797806471937,0.002904020589211098,OTU,Int
Rhizophlyctis;OTU1057,9876.23,8.677787588371034e-4,0.0039773194968209845,Int,0,0.012667649531515456,0,0.008538227380903459,OTU,Int
Spizellomycetales_gen_Incertae_sedis;OTU1074,35021.74,8.67778765987494e-4,0.0039773194968209845,Int,0.0020706735179740177,0.03929206898714578,0.0019391917778516321,0.028291958779088154,OTU,Int
Psathyrella;OTU1077,654423.25,8.677787993063966e-4,0.0039773194968209845,Int,3.880181438939966e-4,0.007370283296310065,4.4989532068380873e-4,0.006630863205168692,OTU,Int
Psathyrella;OTU1082,-1689.46,8.677787591254212e-4,0.0039773194968209845,Int,0.19347780195117148,0.04411329073348157,0.09008740333724376,0.034915122260355834,OTU,Int
Conocybe;OTU1090,4891.88,0.004027473758665648,0.018009029002163467,Int,0.003032590121506791,0.04981832149110151,0.002057676315047184,0.051658238662896594,OTU,Int
Keithomyces;OTU1098,1337.33,8.677787593977596e-4,0.0039773194968209845,Int,0.031193089708143613,0.2650916857324696,0.016629111793835707,0.1657962066074006,OTU,Int
Serendipita;OTU1126,27153.05,8.677787597911376e-4,0.0039773194968209845,Int,0.0011580632687032064,0.014655991804273561,0.0014430031354676952,0.015305725788349411,OTU,Int
Powellomyces;OTU1161,-1300.81,8.677787589799064e-4,0.0039773194968209845,Int,0.1605581430530643,0.02693755016964929,0.10042922210290568,0.015057445481739184,OTU,Int
Microbotryomycetes_gen_Incertae_sedis;OTU1168,3760.21,8.677787589265229e-4,0.0039773194968209845,Int,0.004887674145116593,0.05089277377265951,0.00486789765229785,0.02509783102078235,OTU,Int
Endogonomycetes_gen_Incertae_sedis;OTU1209,8314.36,0.013623172374852062,0.04541057498782116,Int,0,0.002473014180141822,0,0.0018489559220376567,OTU,Int
Rhodotorula;OTU1216,9402.3,0.003956470823783343,0.01783654879574458,Int,2.2031478576590231e-4,0.007051970051426569,4.4062957153180463e-4,0.007782087457735535,OTU,Int
Spizellomycetales_gen_Incertae_sedis;OTU1218,-11425.91,0.013623172382719515,0.04541057498782116,Int,0.003449849463780575,0,0.0031461506271512883,0,OTU,Int
Samsoniella;OTU1225,-7516.22,0.013623172416628453,0.04541057498782116,Int,0.005323951138341899,0,0.00636558182533595,0,OTU,Int
Sistotrema;OTU1230,1703.36,8.677787588909507e-4,0.0039773194968209845,Int,0.018988807985219684,0.06765077294050452,0.004081867195666911,0.020979207980871155,OTU,Int
Sistotrema;OTU1231,-387.76,0.0088626557089311,0.035322178550087714,Int,0.023593938995359307,0.0033219942595939193,0.015048412061523329,0.0066439885191878385,OTU,Int
Funneliformis;OTU1281,254.22,0.012760099679831853,0.04541057498782116,Int,0.004054476702938163,0.030123195298165557,0.0033897143814939053,0.018618293133769396,OTU,Int
Beauveria;OTU1295,6.99,0.010885862869659965,0.042163553368401274,Int,1.112397695926012,1.9872035487366162,0.39865953686118977,0.5102737981582441,OTU,Int
Basidiomycota_gen_Incertae_sedis;OTU1314,-1403.16,8.67778759116877e-4,0.0039773194968209845,Int,0.16047776230374022,0.007454913203926742,0.10701086589375716,0.010840160316948221,OTU,Int
Murispora;OTU1317,1136.45,8.677787595829715e-4,0.0039773194968209845,Int,0.006811282299704732,0.2826214106050818,0.0019233242910236571,0.36059007241423524,OTU,Int
Monosporascus;OTU1345,253.86,8.677787589454679e-4,0.0039773194968209845,Int,0.011166010312129625,0.6304698217572283,0.009265995664290986,0.43170828252835486,OTU,Int
Hypocreales_gen_Incertae_sedis;OTU1352,3341.78,8.677787588958709e-4,0.0039773194968209845,Int,0.028657537763267207,0.08209569963163302,0.011909949300284692,0.019664396648427448,OTU,Int
Rhizophydiaceae_gen_Incertae_sedis;OTU1356,1211.68,0.00872145596295514,0.035013144376827204,Int,0.003990551420944048,0.008954994930890324,0.002299922995281496,0.0019813930562579407,OTU,Int
Leucosporidium;OTU1364,11213.27,0.013623172437948895,0.04541057498782116,Int,0,0.00449729718105576,0,0.004442328898311864,OTU,Int
Microbotryales_gen_Incertae_sedis;OTU1366,-1966.4,8.677787588483611e-4,0.0039773194968209845,Int,0.0818351983761741,0.007384180208941582,0.027937084448531067,0.007281323155695307,OTU,Int
Alternaria;OTU1385,65418.54,8.677787610105028e-4,0.0039773194968209845,Int,4.548512250529742e-4,0.009085083462064122,5.296488141627388e-4,0.007681527390159619,OTU,Int
Pezizaceae_gen_Incertae_sedis;OTU1392,18567.66,8.67778761456143e-4,0.0039773194968209845,Int,0.03162791290722486,0.0827117858838354,0.020942182153120017,0.030360589494408882,OTU,Int
Aphanoascus;OTU1396,8695.43,0.013623172432609559,0.04541057498782116,Int,0,0.004903545674429537,0,0.0058305406773623255,OTU,Int
Ascobolus;OTU1413,13751.06,8.677787591502478e-4,0.0039773194968209845,Int,9.653972415576766e-4,0.017182044303495653,0.0014060602400636734,0.013208038808296647,OTU,Int
Furcasterigmium;OTU1446,831.47,8.677787589674667e-4,0.0039773194968209845,Int,0.024829003521857716,0.15582883184021953,0.012949528372583806,0.044496719181109076,OTU,Int
Pseudogymnoascus;OTU1450,-301.18,0.009053746208292347,0.035824175644322234,Int,0.042135360404544984,0.014338224488949796,0.022783919433942725,0.007242445062864171,OTU,Int
Trichoderma;OTU1455,7492.49,8.677787591186085e-4,0.0039773194968209845,Int,0.0010800918978369797,0.03256435403123841,8.498804326220615e-4,0.04680565940394763,OTU,Int
Trichoderma;OTU1457,1371.44,8.677787588120971e-4,0.0039773194968209845,Int,0.0037626563753554295,0.08586247789457047,0.005775283196830084,0.041496903901010046,OTU,Int
Naviculispora;OTU1459,126.23,8.677787589139065e-4,0.0039773194968209845,Int,0.03588642384871287,0.47406155065483874,0.020184437591275386,0.04202970105854287,OTU,Int
Mucor;OTU1465,-22337.93,8.677787592707155e-4,0.0039773194968209845,Int,0.01850802397807825,0.004833538726897558,0.007802907467212332,0.002104126693094985,OTU,Int
Trichoderma;OTU1475,-64388.17,8.677787630292463e-4,0.0039773194968209845,Int,0.016151738859279452,0.0015551154472661873,0.01446071251165791,0.0018791887727786258,OTU,Int
Talaromyces;OTU1496,115.95,8.677787596784007e-4,0.0039773194968209845,Int,0.6631091020818065,4.058150082150839,0.26727114817866343,2.9377861176319477,OTU,Int
Chaetomium;OTU1506,1667.11,0.008495194293791744,0.03457324008877551,Int,0.0028605341850721977,0.007074692054329219,0.0020997609779355524,0.0018522265044579483,OTU,Int
Chaetomium;OTU1507,1194.01,8.677787589579173e-4,0.0039773194968209845,Int,6.083329296598989e-4,0.05183071527275201,4.1060588674224466e-4,0.008504243258447368,OTU,Int
Chaetomium;OTU1509,217.78,8.677787588052665e-4,0.0039773194968209845,Int,0.42649741900535604,0.963662223494026,0.19699403818108263,0.1280210559221365,OTU,Int
Preussia;OTU1510,11327.29,0.013623172407778076,0.04541057498782116,Int,0,0.006629607598656112,0,0.008829875619488657,OTU,Int
Pseudogymnoascus;OTU1530,-3.67,8.67778758832175e-4,0.0039773194968209845,Int,40.22757430311135,8.507523263154027,19.891958934231308,3.74308384490263,OTU,Int
Trichoderma;OTU1538,57.52,8.677787588707945e-4,0.0039773194968209845,Int,0.254358536251317,2.4793015103476215,0.1153553399640534,1.499684964527746,OTU,Int
Trichoderma;OTU1540,33.1,0.013928756471129077,0.04614949433205417,Int,0.19166037406107306,0.5078793124069686,0.09306589983067004,0.3774647755417343,OTU,Int
Verticillium;OTU1547,14108.2,8.677787604142824e-4,0.0039773194968209845,Int,0.0020566274291019056,0.03994604367921853,0.0019821771006560095,0.02934067611180572,OTU,Int
Trichoderma;OTU1555,32914.09,8.677787589583666e-4,0.0039773194968209845,Int,5.945085503497127e-4,0.003960891574790561,7.836508310303152e-4,8.35430487390218e-4,OTU,Int
Mrakia;OTU1559,9736.24,8.67778759124071e-4,0.0039773194968209845,Int,0.007590795882602146,0.037647479988169634,0.007479457969247926,0.012685185160405465,OTU,Int
Clonostachys;OTU1563,69.39,8.677787588744661e-4,0.0039773194968209845,Int,0.2467753353001099,1.4774034076349687,0.09064122596291202,0.3562249227162647,OTU,Int
Plectosphaerella;OTU1564,14788.17,8.677787599376152e-4,0.0039773194968209845,Int,0.018170137983814942,0.05341996094312795,0.015322143251978995,0.016777471577648962,OTU,Int
Plectosphaerella;OTU1565,1000.87,8.677787589851104e-4,0.0039773194968209845,Int,0.02666427200317855,0.21070303465992232,0.01155770443208619,0.1056414315753033,OTU,Int
Apiotrichum;OTU1573,28019.41,8.677787613898445e-4,0.0039773194968209845,Int,0.003993610223642172,0.035753150294737024,0.007987220447284345,0.02175376598695929,OTU,Int
Myxotrichum;OTU1583,-4787.22,0.01362317243198008,0.04541057498782116,Int,0.009168213503440442,0,0.009947985141184496,0,OTU,Int
Talaromyces;OTU1597,-4055.93,8.677787592193917e-4,0.0039773194968209845,Int,0.059474883782898585,0.0010132533538686013,0.07343043387542729,0.0020265067077372026,OTU,Int
Botryotrichum;OTU7,-49594.04,8.677787743423663e-4,0.002959224092833877,Ext,0.1172902773304107,0.04445092369565998,0.033466801248637275,0.03502744341073107,OTU,Ext
Chaetomium;OTU10,-10963.76,8.677787589117081e-4,0.002959224092833877,Ext,0.01533114427784768,0.002043435068294644,0.010224331176833138,7.978539656541563e-4,OTU,Ext
Chaetomiaceae_gen_Incertae_sedis;OTU13,4138.83,8.677787588229906e-4,0.002959224092833877,Ext,0.009275228222161095,0.04063821571278308,0.007248429510729009,0.010983616204882807,OTU,Ext
Sporobolomyces;OTU15,-300.94,8.67778758831317e-4,0.002959224092833877,Ext,0.5416075547619749,0.13913391392036803,0.2353350564846495,0.05314804005188233,OTU,Ext
Penicillium;OTU21,15933.18,8.677787588583663e-4,0.002959224092833877,Ext,0,0.005152230563326698,0,0.0014965511104816868,OTU,Ext
Fusariella;OTU30,42847.04,8.677787709102566e-4,0.002959224092833877,Ext,0.003900780858651639,0.04496760801524243,0.00371638534887899,0.048964527871231414,OTU,Ext
Acremonium;OTU33,-149.65,8.677787589284618e-4,0.002959224092833877,Ext,0.5775681603151357,0.19534086750053234,0.01844173809484868,0.040094795047779394,OTU,Ext
Septoglomus;OTU43,40920.16,8.677787601662138e-4,0.002959224092833877,Ext,0,0.015832291978677117,0,0.01600087936691308,OTU,Ext
Podila;OTU50,-50.08,8.677787590844915e-4,0.002959224092833877,Ext,6.30582004921764,2.044198982738096,3.4394303245440963,1.0706695413100935,OTU,Ext
Halosphaeriaceae_gen_Incertae_sedis;OTU52,-8171.05,8.677787593275795e-4,0.002959224092833877,Ext,0.03611090171508966,5.293021680216802e-4,0.0339358113698598,0.0010586043360433603,OTU,Ext
Heterocephalacria;OTU62,6478.4,8.67778758876763e-4,0.002959224092833877,Ext,2.296590940408058e-4,0.013165857524075083,4.593181880816116e-4,0.004158655818650711,OTU,Ext
Rozellomycota_gen_Incertae_sedis;OTU72,-723.83,0.01250662286741307,0.03721593797071322,Ext,0.015506379527902674,0.004651272686765105,0.009796317631816575,0.0035775104036476052,OTU,Ext
Rozellomycota_gen_Incertae_sedis;OTU73,-3602.12,0.007422708192025503,0.023713599329260423,Ext,0.0030544470915205633,2.6186236514088196e-4,0.002820373710579974,5.237247302817639e-4,OTU,Ext
Glomus;OTU74,5895.67,8.677787592652061e-4,0.002959224092833877,Ext,6.271105080322045e-4,0.043235546709015756,4.2212679328680624e-4,0.04174882795681121,OTU,Ext
Linnemannia;OTU85,-160.19,8.677787588888013e-4,0.002959224092833877,Ext,0.9399639115692836,0.0728518408166173,0.5515075050831302,0.037608176681813855,OTU,Ext
Pyrenochaeta;OTU99,-168.78,0.00940360640659811,0.028974563902563717,Ext,0.06352356275239338,0.02021710624934541,0.028813566362043398,0.015022240982725065,OTU,Ext
Cyathus;OTU104,121178.41,8.677787647253427e-4,0.002959224092833877,Ext,0.0019464182949089385,0.0117599891059691,0.0018226595068581049,0.00928462304440312,OTU,Ext
Betamyces;OTU117,5899.05,8.677787588331732e-4,0.002959224092833877,Ext,0.008127247071185527,0.03129014314625874,0.0045361823460714195,0.008277161626573295,OTU,Ext
Betamyces;OTU120,11317.41,8.677787588872262e-4,0.002959224092833877,Ext,0,0.012205376451281507,0,0.007839607457011677,OTU,Ext
Betamyces;OTU122,409729.86,8.677787934780706e-4,0.002959224092833877,Ext,2.296590940408058e-4,0.009471347249580857,4.593181880816116e-4,0.00857486553738325,OTU,Ext
Rhizophydiales_gen_Incertae_sedis;OTU123,-1295.52,0.004709610352919478,0.015881852690122905,Ext,0.00992423466354498,0.0014990106529690407,0.0041200625767838514,0.0029980213059380813,OTU,Ext
Paraglomus;OTU125,-890.57,8.677787588735987e-4,0.002959224092833877,Ext,0.09482486639242585,0.0036520412574035247,0.037001418117900274,0.004996403885714926,OTU,Ext
Paraglomus;OTU127,-1322.89,0.0099837226352844,0.03045286251064136,Ext,0.007703258418425108,7.939532520325203e-4,0.005608771435073203,0.0015879065040650406,OTU,Ext
Lecythophora;OTU137,10794.96,8.677787588954011e-4,0.002959224092833877,Ext,0.005742925089408409,0.021503724917038836,0.005341448708872039,0.005803169343614055,OTU,Ext
Sclerostagonospora;OTU147,245.06,8.67778758938831e-4,0.002959224092833877,Ext,0.006630919229612914,0.6380495349393754,0.00861254170283096,0.5130896266979686,OTU,Ext
Sclerostagonospora;OTU148,40.61,8.677787588029255e-4,0.002959224092833877,Ext,0.02563253672702339,1.6415062606557251,0.007436177397650558,0.3460094812420784,OTU,Ext
Filobasidium;OTU153,-14939.95,8.677787588915556e-4,0.002959224092833877,Ext,0.009570213382866824,0,0.005994368163881842,0,OTU,Ext
Glomeraceae_gen_Incertae_sedis;OTU157,4002.69,0.013623172384317888,0.03775920412689029,Ext,0,0.005471809333702639,0,0.00408439953064674,OTU,Ext
Trichophaeopsis;OTU186,31286.87,8.677787798688245e-4,0.002959224092833877,Ext,2.0712681960911026e-4,0.10123750363865155,4.142536392182205e-4,0.19084001238095202,OTU,Ext
Sporormiella;OTU194,626.84,8.677787588755369e-4,0.002959224092833877,Ext,0.007044093488578572,0.1368266682778744,0.003846083153893708,0.05769823179172232,OTU,Ext
Sporormiaceae_gen_Incertae_sedis;OTU197,177.4,8.677787588368793e-4,0.002959224092833877,Ext,0.14649848246382907,0.8263380031534332,0.10118845800952028,0.4170597947941663,OTU,Ext
Claroideoglomus;OTU204,8688.55,8.677787588739713e-4,0.002959224092833877,Ext,2.296590940408058e-4,0.009674910965885738,4.593181880816116e-4,0.0038762760617074782,OTU,Ext
Xenasmatella;OTU206,776.39,0.01689763180072566,0.04498623904842314,Ext,1.9817677368212446e-4,0.0160736327495917,3.9635354736424893e-4,0.015292573455108566,OTU,Ext
Aaosphaeria;OTU207,241.06,8.677787589034139e-4,0.002959224092833877,Ext,0.0061805510874582865,0.36006577563467645,0.007765295653829182,0.1631562733155832,OTU,Ext
Rozellomycota_gen_Incertae_sedis;OTU208,5800.45,8.677787589744905e-4,0.002959224092833877,Ext,0,0.034159569127527475,0,0.01982092504581048,OTU,Ext
Microascales_gen_Incertae_sedis;OTU229,-611.18,0.014253177385313669,0.03906572286526529,Ext,0.011267431793924275,0.0038901089465093516,0.0037013001485413405,0.003676275499592509,OTU,Ext
Ascomycota_gen_Incertae_sedis;OTU232,-1892.28,8.677787590029664e-4,0.002959224092833877,Ext,0.17950517910047528,0.06511365057406052,0.04654822096944722,0.04199175992320431,OTU,Ext
Sordariales_gen_Incertae_sedis;OTU239,5557.9,8.677787588755302e-4,0.002959224092833877,Ext,0.0010853308294866664,0.02910092333731449,0.0013412433583417306,0.01254390030763408,OTU,Ext
Gibellulopsis;OTU245,-1188.7,8.677787590176159e-4,0.002959224092833877,Ext,0.25762260764855593,0.07987778081175749,0.11533338187933435,0.02648395355120051,OTU,Ext
Brunneochlamydosporium;OTU247,-337.45,0.0072671709412788716,0.023339538419874472,Ext,0.04318848455836234,0.010000876984414252,0.019981350445080884,0.007614710993209888,OTU,Ext
Lasiosphaeriaceae_gen_Incertae_sedis;OTU267,-405.71,0.009591795767498383,0.029405151671068275,Ext,0.051609754763159245,0.005087758067397589,0.04121001089389202,0.0028837611080710706,OTU,Ext
Ascomycota_gen_Incertae_sedis;OTU275,-142.73,8.677787590181341e-4,0.002959224092833877,Ext,2.4725702571300507,0.8989040010902942,0.7698062001837719,0.4841986900826484,OTU,Ext
Coniochaeta;OTU279,461.27,8.677787591555617e-4,0.002959224092833877,Ext,0.029093997193100213,0.5190559048794569,0.009212087400393613,0.5049327907088712,OTU,Ext
Kurtzmanomyces;OTU287,3799.12,0.01362317242084594,0.03775920412689029,Ext,0,0.006076296334882601,0,0.005371847221547367,OTU,Ext
Periconia;OTU292,659.02,8.677787588110491e-4,0.002959224092833877,Ext,0.011969059130617514,0.1730205855951798,0.004130493022571346,0.09039163194655689,OTU,Ext
Fusidium;OTU306,-1710.51,8.67778758878721e-4,0.002959224092833877,Ext,0.06386750861294686,0.012357413744333755,0.00971313741766491,0.012193901245395829,OTU,Ext
Ascomycota_gen_Incertae_sedis;OTU312,-2210.32,8.677787599528724e-4,0.002959224092833877,Ext,0.258857979605251,0.06773329636561526,0.1752824427436996,0.025613184088749515,OTU,Ext
Rhizophagus;OTU319,23038.51,8.677787588563308e-4,0.002959224092833877,Ext,0,0.003307732859739434,0,0.0014435237820767883,OTU,Ext
Thelebolaceae_gen_Incertae_sedis;OTU327,-392.81,8.67778758862914e-4,0.002959224092833877,Ext,0.2601815450870632,0.05611697188164232,0.06422783804638782,0.01786375378633989,OTU,Ext
Pseudeurotiaceae_gen_Incertae_sedis;OTU330,-792.91,8.677787589146848e-4,0.002959224092833877,Ext,0.14359069662130206,0.01919629774450676,0.034947071496671964,0.013360096769442838,OTU,Ext
Pleosporales_gen_Incertae_sedis;OTU332,-12189.16,8.677787590136606e-4,0.002959224092833877,Ext,0.017024794842178892,0.0020452888359115077,0.013162044722340657,0.0021643863212971563,OTU,Ext
Articulospora;OTU349,1019.22,0.006277752864767378,0.0205978161562908,Ext,0.0032355073207474038,0.03887964812193052,0.003931660222576994,0.05278390338876842,OTU,Ext
Trichoderma;OTU354,32.02,8.677787588135175e-4,0.002959224092833877,Ext,0.36170915951558874,4.165665143756389,0.2838081455253335,1.4405806756002804,OTU,Ext
Trichoderma;OTU357,6799.97,8.677787595551728e-4,0.002959224092833877,Ext,0.0021671273430227587,0.049581844806463715,0.001803064572231448,0.05519254649927124,OTU,Ext
Lasiosphaeriaceae_gen_Incertae_sedis;OTU363,-778.37,8.677787589430549e-4,0.002959224092833877,Ext,0.30184168113492627,0.07055973973753912,0.12170746212233022,0.026851956676046614,OTU,Ext
Sordariales_gen_Incertae_sedis;OTU365,-627.95,0.0054326099444440895,0.017921707805856318,Ext,0.0877020686993903,0.0020844191603099542,0.11785252990127909,0.003530450713716457,OTU,Ext
Sordariales_gen_Incertae_sedis;OTU380,-3188.33,8.677787588081797e-4,0.002959224092833877,Ext,0.0369713267520779,2.6186236514088196e-4,0.014924014588697595,5.237247302817639e-4,OTU,Ext
Schizothecium;OTU382,-1450.46,8.67778758983182e-4,0.002959224092833877,Ext,0.2220246278708624,0.07010055575577563,0.033793962515864244,0.06340120332855369,OTU,Ext
Schizothecium;OTU386,-5881.65,8.677787592536125e-4,0.002959224092833877,Ext,0.07049322223995352,0.02898795683870375,0.04476184168932056,0.00819813005627168,OTU,Ext
Schizothecium;OTU388,13996.26,8.677787588869157e-4,0.002959224092833877,Ext,0.00063496268733204055,0.011261819948277466,4.266111355202559e-4,0.007267078723356579,OTU,Ext
Sordariales_gen_Incertae_sedis;OTU390,-1605.67,8.67778759295722e-4,0.002959224092833877,Ext,0.16433449726757438,0.008104961863525472,0.14206630030744205,0.008758494927615457,OTU,Ext
Neoschizothecium;OTU392,37.78,0.004949605523793877,0.016507750290894966,Ext,0.15128276153166448,0.448278664835922,0.12272248479074462,0.10921759618258417,OTU,Ext
Sordariales_gen_Incertae_sedis;OTU400,46.92,8.677787588518679e-4,0.002959224092833877,Ext,0.07255240751909577,1.6718505314721677,0.015798060341054836,0.6114863741918628,OTU,Ext
Sordariales_gen_Incertae_sedis;OTU402,8381.12,8.677787589654661e-4,0.002959224092833877,Ext,3.9635354736424893e-4,0.012322340622357908,7.927070947284979e-4,0.0053177985375406,OTU,Ext
Nectriaceae_gen_Incertae_sedis;OTU404,230.39,8.677787588813131e-4,0.002959224092833877,Ext,0.08908630276386147,0.4635961193454392,0.04024312845456052,0.1187184753493562,OTU,Ext
Hypocreales_gen_Incertae_sedis;OTU407,-466.46,0.015628499769666394,0.041795015676921565,Ext,0.016634191250610633,0.006461345122860963,0.00577258231718754,0.005447087857137673,OTU,Ext
Fusarium;OTU409,-985.86,8.6777875880208e-4,0.002959224092833877,Ext,0.13706682060912412,0.026602990567568405,0.049760147048294553,0.01226983155070628,OTU,Ext
Hypocreales_gen_Incertae_sedis;OTU412,-30.32,0.01563009647225897,0.041795015676921565,Ext,0.22232877162709097,0.0640283220316736,0.11605525672692772,0.045230433784884776,OTU,Ext
Hypocreales_gen_Incertae_sedis;OTU413,187797.09,8.677787646427968e-4,0.002959224092833877,Ext,1.9927464030927423e-4,0.007517986685336347,3.9854928061854847e-4,0.00459395254367,OTU,Ext
Dactylonectria;OTU422,-419.46,8.677787589447492e-4,0.002959224092833877,Ext,0.2728917015512262,0.04375415835686654,0.10135302243692154,0.03613213137416186,OTU,Ext
Glomus;OTU433,38880.06,8.67778763303552e-4,0.002959224092833877,Ext,0,0.03423491548309432,0,0.03580572171912598,OTU,Ext
Glomeraceae_gen_Incertae_sedis;OTU435,4239.55,8.677787588994068e-4,0.002959224092833877,Ext,1.9817677368212446e-4,0.03312904116152815,3.9635354736424893e-4,0.02578377844109718,OTU,Ext
Magnaporthaceae_gen_Incertae_sedis;OTU450,5308.41,8.677787592454435e-4,0.002959224092833877,Ext,0.010737451694767227,0.07443859098383977,0.011241190746670692,0.026136544217211382,OTU,Ext
Chalara;OTU451,4978.59,8.677787589154234e-4,0.002959224092833877,Ext,0.011797251062578097,0.04836887951102662,0.006022755297192462,0.014839084335974084,OTU,Ext
Myrmecridium;OTU462,9618.94,0.013623172360240954,0.03775920412689029,Ext,0,0.003587459755523304,0,0.003128750861442406,OTU,Ext
Ascomycota_gen_Incertae_sedis;OTU477,-1018.04,8.677787589053966e-4,0.002959224092833877,Ext,0.13274172441695778,0.044454467340590456,0.02965378705588595,0.02239568981200899,OTU,Ext
Pleotrichocladium;OTU487,-1632.48,8.677787588487198e-4,0.002959224092833877,Ext,0.1094963287557561,0.021827856343303087,0.04067292862547275,0.01768666566199119,OTU,Ext
Papiliotrema;OTU496,-6286.92,0.013623172407724326,0.03775920412689029,Ext,0.006912285531403774,0,0.006654061037333264,0,OTU,Ext
Pleosporales_gen_Incertae_sedis;OTU503,11351.19,8.677787588740413e-4,0.002959224092833877,Ext,0,0.012836842950086245,0,0.007134341157307607,OTU,Ext
Pyrenochaetopsis;OTU507,472.45,8.677787588221079e-4,0.002959224092833877,Ext,0.015735799326090878,0.15916223905272436,0.0029011662787048345,0.044815641052916654,OTU,Ext
Phialophora;OTU508,43373.95,8.677787601469021e-4,0.002959224092833877,Ext,0,0.014660499692899908,0,0.014645380319872822,OTU,Ext
Lipomyces;OTU512,-3220.34,0.013623172433037511,0.03775920412689029,Ext,0.005016884064257636,0,0.00337701434629445,0,OTU,Ext
Kockovaella;OTU513,186.56,0.014287628461431457,0.03906572286526529,Ext,2.296590940408058e-4,0.051533881129643515,4.593181880816116e-4,0.04628822516549166,OTU,Ext
Ramophialophora;OTU529,-502.83,8.677787589684085e-4,0.002959224092833877,Ext,0.2338044806987188,0.015940311223525634,0.07513286380611932,0.029202604035259525,OTU,Ext
Hypocreales_gen_Incertae_sedis;OTU532,5598.29,8.67778758889183e-4,0.002959224092833877,Ext,0,0.016112964951003048,0,0.005228487962724203,OTU,Ext
Kiflimonium;OTU533,-98.18,0.009154717231204909,0.028496991586366052,Ext,0.19260481098738264,0.04464669505013468,0.1580130733983042,0.019092963028091336,OTU,Ext
Hypocreales_gen_Incertae_sedis;OTU536,-490.84,0.01720462874242098,0.0456035355748888,Ext,0.09141027889267309,7.541478129713425e-4,0.16711634736520714,0.001508295625942685,OTU,Ext
Ceratobasidiaceae_gen_Incertae_sedis;OTU537,1572.8,8.677787588846212e-4,0.002959224092833877,Ext,3.974514139913987e-4,0.051349175592914395,4.5894086344687766e-4,0.02163081555133709,OTU,Ext
Pyronemataceae_gen_Incertae_sedis;OTU545,578.04,0.018323875147852,0.04773644727358869,Ext,0.0017958346089475552,0.019583156905034368,0.0017525452954113647,0.02480989537137825,OTU,Ext
Agaricomycetes_gen_Incertae_sedis;OTU552,-841.28,8.677787589065213e-4,0.002959224092833877,Ext,0.10500988239789208,0.0021172086720867207,0.04334395980945441,0.004234417344173441,OTU,Ext
Ceratobasidiaceae_gen_Incertae_sedis;OTU555,-4314.53,0.008296082710052955,0.0262277198177195,Ext,0.001470297881600505,2.5138260432378077e-4,4.633263676617862e-4,5.027652086475615e-4,OTU,Ext
Cheilymenia;OTU567,-13187.61,8.677787591449566e-4,0.002959224092833877,Ext,0.0180979661720726,7.541478129713425e-4,0.012845706853628878,0.001508295625942685,OTU,Ext
Lasiosphaeriaceae_gen_Incertae_sedis;OTU591,10036.35,8.677787596567422e-4,0.002959224092833877,Ext,0.0026952323105605322,0.03895992539208337,0.001491122829112349,0.026375980929532906,OTU,Ext
Ascomycota_gen_Incertae_sedis;OTU595,73.8,8.677787590790851e-4,0.002959224092833877,Ext,0.03222646331867325,2.5677549215582203,0.015759240617987495,2.771552994692401,OTU,Ext
Mortierella;OTU602,-173.35,8.677787591470014e-4,0.002959224092833877,Ext,2.6141212737843484,1.0679582428324754,0.887150604667845,0.3346753639178604,OTU,Ext
Mortierella;OTU604,-1001.6,8.677787588321058e-4,0.002959224092833877,Ext,0.12635155465230366,0.01389499973827859,0.07972432661923438,0.010839900209936271,OTU,Ext
Mortierella;OTU605,-62.8,0.017579278419530192,0.046394008698499245,Ext,0.13279159059312756,0.021353820403546414,0.09596615173406091,0.011349264905439855,OTU,Ext
Mortierella;OTU606,-186.1,8.677787588794733e-4,0.002959224092833877,Ext,0.7501623580057396,0.04834993460684925,0.5095635155332615,0.03820258567530873,OTU,Ext
Hypocreales_gen_Incertae_sedis;OTU608,-420.88,0.015078078256352849,0.04104212332558825,Ext,0.017878095788142218,0.0013232554200542008,0.014184548040797012,0.0026465108401084016,OTU,Ext
Ceratobasidium;OTU609,4434.91,8.677787589114585e-4,0.002959224092833877,Ext,7.938049613556476e-4,0.022481690552644956,0.001121059274664063,0.0066396216427675745,OTU,Ext
Ascomycota_gen_Incertae_sedis;OTU619,14593.47,8.677787590210824e-4,0.002959224092833877,Ext,0,0.012174533578183391,0,0.01039839918024777,OTU,Ext
Mucor;OTU625,-12419.42,8.677787685867074e-4,0.002959224092833877,Ext,0.16982113346717387,0.02358180326472711,0.25429054580874816,0.009658819027515702,OTU,Ext
Spizellomycetales_gen_Incertae_sedis;OTU634,-27248.6,8.677787592854128e-4,0.002959224092833877,Ext,0.009300566381929425,0,0.009114042855129494,0,OTU,Ext
Lobulomycetales_gen_Incertae_sedis;OTU652,238174.2,8.677787606371317e-4,0.002959224092833877,Ext,8.657196479999961e-4,0.003602582002827227,7.526574159728217e-4,0.002007391690002446,OTU,Ext
Trichoderma;OTU655,1812.25,8.677787588352505e-4,0.002959224092833877,Ext,0.004051918159694084,0.07088617208051366,0.005287114736506936,0.03487321211945903,OTU,Ext
Olpidiaceae_gen_Incertae_sedis;OTU656,1518.08,8.6777875894785e-4,0.002959224092833877,Ext,1.9927464030927423e-4,0.10849836196883335,3.9854928061854847e-4,0.07147115615745005,OTU,Ext
Rhizophlyctis;OTU661,18469.51,8.677787619362828e-4,0.002959224092833877,Ext,4.593181880816116e-4,0.039964550860305044,9.186363761632232e-4,0.06450946497086908,OTU,Ext
Pleosporales_gen_Incertae_sedis;OTU665,303.06,8.67778758812706e-4,0.002959224092833877,Ext,0.010834963743623619,0.233950955361584,0.003119257461784962,0.057976790638791215,OTU,Ext
Cyphellophora;OTU683,11080.48,8.67778758940573e-4,0.002959224092833877,Ext,2.296590940408058e-4,0.015660438506702873,4.593181880816116e-4,0.009356022569378253,OTU,Ext
Acremonium;OTU689,-270.56,8.677787589583119e-4,0.002959224092833877,Ext,0.6637208876072932,0.09977940892297923,0.5776872173561146,0.03458602634598094,OTU,Ext
Stachybotrys;OTU692,-17.96,8.677787588028106e-4,0.002959224092833877,Ext,4.858275820283579,1.1431759786343592,0.6159060391973258,0.12460055563388439,OTU,Ext
Albifimbria;OTU696,2983.33,8.677787588599199e-4,0.002959224092833877,Ext,0.0021920210434020165,0.04841706527244992,0.004384042086804033,0.028246703780352544,OTU,Ext
Paramyrothecium;OTU699,3095.02,0.013623172492105,0.03775920412689029,Ext,0,0.009596847583258988,0,0.008550753481778839,OTU,Ext
Paramicrothyrium;OTU703,1066.87,8.677787588728512e-4,0.002959224092833877,Ext,0.006822452266530865,0.15073528082020457,0.002153420074049751,0.06997386101554487,OTU,Ext
Stephanonectria;OTU711,332.83,0.004079646853965462,0.013834333186352153,Ext,0.006492413496766702,0.08151365052003448,0.00977933078038425,0.04258566508209285,OTU,Ext
Clonostachys;OTU715,-146.4,0.015345622074177093,0.04158389553136382,Ext,0.04955854206564497,0.0033935337198442196,0.03675544137068668,0.0034199671062492957,OTU,Ext
Ascomycota_gen_Incertae_sedis;OTU716,-87.73,8.677787588450998e-4,0.002959224092833877,Ext,1.01915387638337,0.15938916850029294,0.26921005795724084,0.046476539056842944,OTU,Ext
Tetracladium;OTU727,1048.03,8.677787588652613e-4,0.002959224092833877,Ext,0.09678870627062114,0.17098371667348156,0.029533941367056837,0.01082618473087969,OTU,Ext
Fusarium;OTU737,-429.1,8.67778758833845e-4,0.002959224092833877,Ext,0.24217405204605458,0.07124027393350953,0.01723939806026449,0.04920727964191499,OTU,Ext
Nectriaceae_gen_Incertae_sedis;OTU742,-2070.32,8.677787589268711e-4,0.002959224092833877,Ext,0.11913064754027808,0.039051670563332475,0.043531338041877934,0.003262969483685878,OTU,Ext
Cladosporium;OTU744,-14.36,0.010388896859308057,0.031373434794029806,Ext,1.427644398422799,0.7993117474449261,0.3910943849968284,0.27423490453411853,OTU,Ext
Preussia;OTU748,-10526.33,8.677787595567935e-4,0.002959224092833877,Ext,0.05184302661999392,0.01807600659094097,0.024891494654978256,0.006289700507293073,OTU,Ext
Alternaria;OTU750,-619.19,0.006648276579008718,0.021580234670899957,Ext,0.039322765335225156,0.006363454436023251,0.04343561650824217,0.004599673868464875,OTU,Ext
Fusarium;OTU768,-1440.76,8.67778758820989e-4,0.002959224092833877,Ext,0.12130281381697997,0.02676097453965965,0.02561349177077778,0.02154930563050478,OTU,Ext
Anthracocystis;OTU773,-50.99,0.015588852909275787,0.041795015676921565,Ext,0.23688106126194178,0.07250370595886332,0.18171952489269913,0.032540849949544495,OTU,Ext
Auricularia;OTU777,1840.48,8.677787589945849e-4,0.002959224092833877,Ext,0.001692104796341475,0.09708328304347742,0.0010287961334616135,0.12133528998282886,OTU,Ext
Auriculariales_gen_Incertae_sedis;OTU779,10038.63,0.013623172377332937,0.03775920412689029,Ext,0,0.0033471694562591378,0,0.003579382991124493,OTU,Ext
Auricularia;OTU780,2350.58,8.677787592148412e-4,0.002959224092833877,Ext,9.930796016649219e-4,0.09600693734849443,0.0011905316636737304,0.10694011302345972,OTU,Ext
Neosetophoma;OTU786,66.38,8.677787588066181e-4,0.002959224092833877,Ext,0.04054277118422529,1.0235921113078046,0.04110774425337803,0.22524717300687314,OTU,Ext
Ophiosphaerella;OTU789,-323.45,8.677787588298122e-4,0.002959224092833877,Ext,0.6930697584329593,0.2792032124990312,0.10800188654445943,0.15676179966238254,OTU,Ext
Pleosporales_gen_Incertae_sedis;OTU790,2095.58,8.67778758826136e-4,0.002959224092833877,Ext,6.12430412900345e-4,0.057415595156312914,7.903159151336005e-4,0.027534758770099834,OTU,Ext
Phaeosphaeria;OTU796,15520.39,8.677787589568719e-4,0.002959224092833877,Ext,0.006810522939950892,0.019760041314909167,0.0045465682512901865,0.005622487669608165,OTU,Ext
Pleosporales_gen_Incertae_sedis;OTU797,17811.32,8.677787590658327e-4,0.002959224092833877,Ext,8.510395528681365e-4,0.013381926345185258,0.001172552529487945,0.009551919258581395,OTU,Ext
Pochonia;OTU815,-7646.68,8.677787589476428e-4,0.002959224092833877,Ext,0.03060852831966475,0.005119763458560512,0.01167215096666586,0.0053232209042446315,OTU,Ext
Metacordyceps;OTU818,-1420.08,8.677787589031346e-4,0.002959224092833877,Ext,0.2092003826144493,0.09723221069084406,0.06466913201097982,0.026292990557406404,OTU,Ext
Basidiomycota_gen_Incertae_sedis;OTU825,10908.45,8.67778758867438e-4,0.002959224092833877,Ext,0.0012935555157229264,0.014663044710068827,9.750327516285749e-4,0.006455528270800346,OTU,Ext
Spizellomyces;OTU829,845.38,0.0070386165211939865,0.02272574589555718,Ext,0.008713813216807026,0.037067811748816314,0.006425302094598979,0.037717675683611215,OTU,Ext
Ramicandelaber;OTU835,54918.47,8.677787603038886e-4,0.002959224092833877,Ext,0.0119761905819265,0.02396730915546598,0.00499211866759517,0.005479836386418981,OTU,Ext
Chrysozymaceae_gen_Incertae_sedis;OTU852,-691.12,0.017865564999897554,0.04674309463335265,Ext,0.012428717826925265,2.646510840108401e-4,0.01320798554996076,5.293021680216802e-4,OTU,Ext
Spizellomycetales_gen_Incertae_sedis;OTU855,11756.82,8.677787589351869e-4,0.002959224092833877,Ext,0,0.0072351022281410445,0,0.00433689083931278,OTU,Ext
Penicillium;OTU864,1283.1,8.677787588910619e-4,0.002959224092833877,Ext,0.021171497029201646,0.13059670119658595,0.00857451588163799,0.07028243919900218,OTU,Ext
Panaeolus;OTU879,1647.63,8.677787598298065e-4,0.002959224092833877,Ext,0.004283625780670515,0.28208471053224,0.0035130545206445173,0.26082801645871256,OTU,Ext
Piptocephalis;OTU885,15096.7,8.677787591951594e-4,0.002959224092833877,Ext,0.0023814148840669426,0.019687796031260092,0.003363177823992189,0.012452868245386516,OTU,Ext
Lobulomycetales_gen_Incertae_sedis;OTU888,4646.17,0.01362317249388628,0.03775920412689029,Ext,0,0.0038845315087694355,0,0.00273899321407058,OTU,Ext
Fungi_gen_Incertae_sedis;OTU896,38743.74,8.677787633468535e-4,0.002959224092833877,Ext,0,0.02838939493855345,0,0.03588873191955935,OTU,Ext
Spizellomyces;OTU900,176807.47,8.677790585245967e-4,0.002959224092833877,Ext,2.0712681960911026e-4,0.1137023352744139,4.142536392182205e-4,0.21781260620928958,OTU,Ext
Basidiomycota_gen_Incertae_sedis;OTU918,-5536.69,8.677787588219679e-4,0.002959224092833877,Ext,0.018657228597684455,0,0.015293113306992175,0,OTU,Ext
Spizellomyces;OTU931,3968.66,0.013623172422678945,0.03775920412689029,Ext,0,0.01279194747668723,0,0.012059843740700628,OTU,Ext
Entoloma;OTU937,-2075.99,0.0051198289727085785,0.016982164953191842,Ext,0.09816211504750366,5.027652086475615e-4,0.11080514445392284,0.001005530417295123,OTU,Ext
Lobulomycetales_gen_Incertae_sedis;OTU939,219.03,0.017795079528326686,0.04674309463335265,Ext,0.014603188307895408,0.03576416454974465,0.01117193108700608,0.013540373306216987,OTU,Ext
Syncephalis;OTU962,4773.74,8.677787588242604e-4,0.002959224092833877,Ext,0.002042295928215183,0.01667876416603522,9.888441106706007e-4,0.003972690459990866,OTU,Ext
Hypocreales_gen_Incertae_sedis;OTU968,-95.19,8.677787588830733e-4,0.002959224092833877,Ext,0.8430997137202271,0.00941670970044769,0.3880191788572711,0.004432525243823945,OTU,Ext
Conocybe;OTU980,42856.68,8.67778759226248e-4,0.002959224092833877,Ext,0,0.006825495389245865,0,0.005016904745668645,OTU,Ext
Piptocephalis;OTU998,-421.26,0.009220136841662915,0.02855419930045607,Ext,0.04706889224542642,0.02810495189533562,0.007409238208621813,0.012363430350603008,OTU,Ext
Fungi_gen_Incertae_sedis;OTU1001,-145751.8,8.67778760733985e-4,0.002959224092833877,Ext,0.0057516358394827955,7.751073346055447e-4,0.0031200428808797497,9.994210639511522e-4,OTU,Ext
Fungi_gen_Incertae_sedis;OTU1010,15334.03,8.6777875967023e-4,0.002959224092833877,Ext,0.021754472321871297,0.052873001092927335,0.006500462303305365,0.016596582569764935,OTU,Ext
Coprinellus;OTU1029,8660.24,8.67778758873633e-4,0.002959224092833877,Ext,0.003262524571438149,0.021694618532146923,0.0035898830899764446,0.0073139363168402815,OTU,Ext
Mortierella;OTU1041,394.73,0.013114808073074672,0.03775920412689029,Ext,0.0033401693072873714,0.016075184855930062,0.0022458183501194895,0.008229323857793206,OTU,Ext
Spizellomycetales_gen_Incertae_sedis;OTU1051,458312.67,8.677787763329914e-4,0.002959224092833877,Ext,4.2893373435008003e-4,0.005390650960084675,4.97769127903867e-4,0.00407093391145442,OTU,Ext
Spizellomycetales_gen_Incertae_sedis;OTU1054,2349.86,0.013623172481062347,0.03775920412689029,Ext,0,0.011502921628333766,0,0.012107794379177174,OTU,Ext
Ascomycota_gen_Incertae_sedis;OTU1056,-5965.18,8.677787590758396e-4,0.002959224092833877,Ext,0.040946428380187624,0.003761454091883068,0.021872283819375987,0.004518730813352399,OTU,Ext
Pyrenochaeta;OTU1060,-3781.43,8.677787616600422e-4,0.002959224092833877,Ext,0.5734156165641737,0.3042593213484988,0.08319310201975778,0.17183414604761654,OTU,Ext
Microascaceae_gen_Incertae_sedis;OTU1070,-2146.42,8.677787589635291e-4,0.002959224092833877,Ext,0.04965040823001805,0.0022830966884269726,0.018843495933988104,0.0018832314677300697,OTU,Ext
Spizellomycetales_gen_Incertae_sedis;OTU1074,5729.06,8.677787588736039e-4,0.002959224092833877,Ext,4.053035932912347e-4,0.027620881773475783,4.6823243427308896e-4,0.013265071914946186,OTU,Ext
Psathyrella;OTU1079,-5476.4,0.013623172384402507,0.03775920412689029,Ext,0.012230082608824414,0,0.015292889108055594,0,OTU,Ext
Agaricales_gen_Incertae_sedis;OTU1089,123596.12,8.677789390615278e-4,0.002959224092833877,Ext,1.9927464030927423e-4,0.1379507636717237,3.9854928061854847e-4,0.16110530124806516,OTU,Ext
Conocybe;OTU1090,353.49,8.677787588892404e-4,0.002959224092833877,Ext,0.003720892099211285,0.4537168808911746,0.0024486694425261426,0.2391576415200178,OTU,Ext
Conocybe;OTU1094,9779.8,8.677787701650459e-4,0.002959224092833877,Ext,0.0019442961648139764,0.15840892497511427,0.002026725525668212,0.203167428446109,OTU,Ext
Spizellomycetales_gen_Incertae_sedis;OTU1100,2797.24,8.677787589261773e-4,0.002959224092833877,Ext,4.142536392182205e-4,0.05618090670065998,8.28507278436441e-4,0.0355940038821601,OTU,Ext
Hyalorbilia;OTU1117,-345.62,0.0065042298169583675,0.021226169348891016,Ext,0.09890609244752588,0.03108434529574895,0.04339318657286378,0.008337159342257216,OTU,Ext
Apiosporaceae_gen_Incertae_sedis;OTU1118,1042.98,0.008382969449137396,0.026365090443660102,Ext,0.005735931480883123,0.021041044159395415,0.002781416371830112,0.014426346190161083,OTU,Ext
Spiromyces;OTU1120,-40330.74,8.677787598215318e-4,0.002959224092833877,Ext,0.010451637389466494,7.911645331625621e-4,0.006937090140208251,0.00101258047572472,OTU,Ext
Spiromastix;OTU1127,-12661.88,8.677787588919437e-4,0.002959224092833877,Ext,0.00682016444374264,5.116974739690554e-4,0.0034491121751831617,5.911836879291526e-4,OTU,Ext
Chrysosporium;OTU1128,-11.1,0.013427146735890917,0.03775920412689029,Ext,0.8427091322949076,0.32731419141420726,0.3597474592317556,0.06286436152600114,OTU,Ext
Olpidiaster;OTU1136,7973.85,8.677787604930752e-4,0.002959224092833877,Ext,9.91981735037772e-4,0.061578897156550405,0.0015003785826982008,0.07609367683064672,OTU,Ext
Penicillium;OTU1149,162776.5,8.677787725368365e-4,0.002959224092833877,Ext,2.0712681960911026e-4,0.012139906433679085,4.142536392182205e-4,0.008994102992437253,OTU,Ext
Penicillium;OTU1150,7857.09,8.67778758813663e-4,0.002959224092833877,Ext,8.510395528681365e-4,0.014189189901592974,0.001172552529487945,0.008761137005520532,OTU,Ext
Leucoagaricus;OTU1155,-25653.59,8.677787661890866e-4,0.002959224092833877,Ext,0.07506755459898881,0,0.0975937589701658,0,OTU,Ext
Apodus;OTU1192,166371.21,8.677787680125287e-4,0.002959224092833877,Ext,4.053035932912347e-4,0.008750107509246884,4.6823243427308896e-4,0.007991595163794413,OTU,Ext
Endogonomycetes_gen_Incertae_sedis;OTU1209,-25939.32,8.677787588658621e-4,0.002959224092833877,Ext,0.005451566334187178,0,0.003860011791235465,0,OTU,Ext
Udeniozyma;OTU1215,-1104.92,8.677787588554206e-4,0.002959224092833877,Ext,0.07944782316218094,0.008455689779120784,0.022712758024427987,0.005321117893431121,OTU,Ext
Rhodotorula;OTU1216,3392.53,8.677787588288983e-4,0.002959224092833877,Ext,2.0712681960911026e-4,0.03563247687578976,4.142536392182205e-4,0.018615164676712058,OTU,Ext
Akenomyces;OTU1242,-13869.18,8.67778759089473e-4,0.002959224092833877,Ext,0.014391387813108374,0,0.01280965149663666,0,OTU,Ext
Exophiala;OTU1244,3406.11,8.677787588274849e-4,0.002959224092833877,Ext,0.033165603348923656,0.06982682701892406,0.009518953279193103,0.017266613006293088,OTU,Ext
Thysanorea;OTU1247,-835.9,0.01847476746911356,0.0479238626228715,Ext,0.005048219178297643,2.498351088281734e-4,0.003378509668875653,4.996702176563468e-4,OTU,Ext
Funneliformis;OTU1279,15192.06,8.677787591824443e-4,0.002959224092833877,Ext,0,0.015720779705742594,0,0.021100504474972148,OTU,Ext
Funneliformis;OTU1291,8369.16,8.677787589483919e-4,0.002959224092833877,Ext,2.296590940408058e-4,0.01848546603841778,4.593181880816116e-4,0.014346291225617898,OTU,Ext
Mortierella;OTU1304,-50051.74,8.677787624581715e-4,0.002959224092833877,Ext,0.01997555017172006,0,0.01869822527250126,0,OTU,Ext
Ascomycota_gen_Incertae_sedis;OTU1306,-34.12,0.01379612707578109,0.03806476879545055,Ext,0.5634574176133386,0.3641645332603901,0.054895037564640745,0.15563556203912024,OTU,Ext
Marquandomyces;OTU1309,622.96,8.677787589628273e-4,0.002959224092833877,Ext,0.014715538201258474,0.17537575144956585,0.008297316580581571,0.07457716494133655,OTU,Ext
Marquandomyces;OTU1310,18.59,8.677787589227438e-4,0.002959224092833877,Ext,1.5821593866979347,6.153890675486152,0.21048173698340253,2.5425533813483243,OTU,Ext
Ascomycota_gen_Incertae_sedis;OTU1311,726.43,8.677787588916734e-4,0.002959224092833877,Ext,0.012288508576714504,0.14343839666053124,0.016773456981719767,0.02932454656388473,OTU,Ext
Murispora;OTU1317,535.56,8.677787588293427e-4,0.002959224092833877,Ext,0.013394033260910916,0.22169493512613242,0.004436479369586735,0.14287450414993053,OTU,Ext
Monosporascus;OTU1345,-1324.22,8.677787716448422e-4,0.002959224092833877,Ext,1.408844873288094,0.10456123131458292,1.8984094624483387,0.08905069573060984,OTU,Ext
Hypocreales_gen_Incertae_sedis;OTU1352,-93151.8,8.677788944196526e-4,0.002959224092833877,Ext,0.12420386729834633,0.026365795658053057,0.10175303794304828,0.01866830940538506,OTU,Ext
Ascomycota_gen_Incertae_sedis;OTU1353,-15378.35,8.677787591254436e-4,0.002959224092833877,Ext,0.013956417070609031,5.26513449151722e-4,0.013230079129506953,6.07982418653165e-4,OTU,Ext
Rhizophydiaceae_gen_Incertae_sedis;OTU1356,14287.33,8.677787591616883e-4,0.002959224092833877,Ext,0.002503809849551094,0.019231662972851615,6.772480788227727e-4,0.013869212602685073,OTU,Ext
Kendrickiella;OTU1361,99499.02,8.677787621588847e-4,0.002959224092833877,Ext,8.353351942684646e-4,0.009538332492900238,6.533610589873779e-4,0.005538897240071308,OTU,Ext
Arachnomyces;OTU1363,-2073.55,8.677787590276426e-4,0.002959224092833877,Ext,0.09533492214673134,0.005034730584180246,0.06695274434037846,0.006908957116993585,OTU,Ext
Alternaria;OTU1383,-30.39,0.012304078459968181,0.03697314665940934,Ext,0.2622104080845345,0.09164802318305817,0.10615372118789458,0.058891598759713636,OTU,Ext
Alternaria;OTU1385,36212.4,8.677787597706928e-4,0.002959224092833877,Ext,4.2893373435008003e-4,0.010371664780632601,4.97769127903867e-4,0.009015867234175606,OTU,Ext
Alternaria;OTU1386,4334.57,8.677787589162876e-4,0.002959224092833877,Ext,0.003782758873301498,0.04566497467269374,0.0025209620228863754,0.01925391141935997,OTU,Ext
Mortierella;OTU1388,-260.22,8.677787588586402e-4,0.002959224092833877,Ext,0.48097650304289075,0.16861605717280317,0.08345013571481805,0.06893169093067818,OTU,Ext
Mortierella;OTU1389,-239.36,8.677787588501662e-4,0.002959224092833877,Ext,1.022185151065432,0.43052487339232626,0.18340129174865585,0.21511024232116446,OTU,Ext
Fungi_gen_Incertae_sedis;OTU1390,-80.7,8.677787588839236e-4,0.002959224092833877,Ext,2.9155091586637165,0.8946351459567712,0.8712057741178126,0.2734008429608133,OTU,Ext
Spizellomycetales_gen_Incertae_sedis;OTU1415,-13424.94,8.677787588275357e-4,0.002959224092833877,Ext,0.009577208411608636,5.237247302817639e-4,0.004337060338802892,0.0010474494605635278,OTU,Ext
Agaricomycetes_gen_Incertae_sedis;OTU1427,-55157.32,8.677787598968053e-4,0.002959224092833877,Ext,0.009107803918007187,0,0.008687156258401354,0,OTU,Ext
Filobasidium;OTU1440,-7007.57,8.677787590960849e-4,0.002959224092833877,Ext,0.04429894848572452,0.012694181930689953,0.02422456805804889,0.009230063861789808,OTU,Ext
Sarocladium;OTU1442,-68224.04,8.677787590361092e-4,0.002959224092833877,Ext,0.004355781183383988,7.541478129713425e-4,9.728863183574107e-4,0.001508295625942685,OTU,Ext
Gaeumannomyces;OTU1443,-4056.35,8.677787588948303e-4,0.002959224092833877,Ext,0.03759926204090754,0.0015184691146385295,0.020700290814851283,0.0012899867357716677,OTU,Ext
Pseudogymnoascus;OTU1450,-6534.72,8.677787588454727e-4,0.002959224092833877,Ext,0.027036096356103358,0.006164273369614831,0.00964594239766715,0.003091042852094706,OTU,Ext
Trichoderma;OTU1455,266019.54,8.677787740843754e-4,0.002959224092833877,Ext,2.296590940408058e-4,0.010014052593039524,4.593181880816116e-4,0.010207621653961826,OTU,Ext
Naviculispora;OTU1459,141.45,8.677787589519708e-4,0.002959224092833877,Ext,0.04359886681537736,0.4702808555583401,0.03732594558171208,0.05651050052432923,OTU,Ext
Microascus;OTU1468,-11929.09,0.013623172432563346,0.03775920412689029,Ext,0.009357459387338266,0,0.0098783315805092,0,OTU,Ext
Cyphellophora;OTU1489,2517.71,8.677787589316824e-4,0.002959224092833877,Ext,1.9817677368212446e-4,0.03413361745221758,3.9635354736424893e-4,0.018483933721775325,OTU,Ext
Talaromyces;OTU1496,50.18,8.677787591465415e-4,0.002959224092833877,Ext,0.37486577732956733,5.175445087772239,0.24937493130207,7.12900615148787,OTU,Ext
Penicillium;OTU1515,81.56,8.677787589601112e-4,0.002959224092833877,Ext,0.6475448521713857,1.8524496462315012,0.17842827368406258,0.5373965203652296,OTU,Ext
Trichoderma;OTU1533,-494.07,8.677787588078945e-4,0.002959224092833877,Ext,0.23071597002796645,0.003077922321292369,0.14625176721941077,0.003048439871601432,OTU,Ext
Trichoderma;OTU1537,-548.49,8.677787589921628e-4,0.002959224092833877,Ext,0.40394319832482295,0.06264427599588726,0.20591302975721823,0.012952267441027444,OTU,Ext
Trichoderma;OTU1538,46.87,8.67778758818319e-4,0.002959224092833877,Ext,0.258705696371492,2.5325671466380255,0.11148625502005731,1.3344028638921,OTU,Ext
Trichoderma;OTU1540,8500.53,8.677787676138181e-4,0.002959224092833877,Ext,0.13471918163220775,0.3479462066865881,0.034545342889638855,0.20186556006402337,OTU,Ext
Neoascochyta;OTU1543,-1989.4,0.010334930454134106,0.031366513928297014,Ext,0.006372231330694913,5.293021680216802e-4,0.006595615123825222,0.0010586043360433603,OTU,Ext
Trichoderma;OTU1555,1637.47,0.004811029164549569,0.01613422487779883,Ext,0.0010267576552779028,0.008238166333576791,0.0015047508677677281,0.003647232778789775,OTU,Ext
Cephalotrichum;OTU1557,-49851.3,8.677787591232901e-4,0.002959224092833877,Ext,0.0042332191049900495,0,0.003765787647748303,0,OTU,Ext
Mrakia;OTU1559,219.93,0.012507498098888792,0.03721593797071322,Ext,0.005763594436188856,0.027578424280431654,0.006664449522863466,0.012452723928449972,OTU,Ext
Plectosphaerella;OTU1565,262.2,8.677787588088657e-4,0.002959224092833877,Ext,0.038853305401006025,0.2919515671038317,0.0106843270362228,0.066889444386829075,OTU,Ext
Fusarium;OTU1568,-221.25,8.677787588472302e-4,0.002959224092833877,Ext,0.7873659331052673,0.20044219213461686,0.3280970563205862,0.09692610991692101,OTU,Ext
Apiotrichum;OTU1573,142366.65,8.677788513835933e-4,0.002959224092833877,Ext,0.005970877584956255,0.05903739720072587,0.00994088912998972,0.06671721208640623,OTU,Ext
Penicillium;OTU1580,332.82,0.007494654872093588,0.023818091661574912,Ext,0.0546599707238313,0.0986291131037661,0.01235092073253783,0.03694000103007145,OTU,Ext
Fusicolla;OTU1584,-16.14,0.009122238847135073,0.028496991586366052,Ext,0.8239758092609585,0.3993432578058794,0.2915455473387177,0.15157223459888458,OTU,Ext
Trichocladium;OTU1585,-1024.1,8.677787591711584e-4,0.002959224092833877,Ext,0.242625809811426,0.027467729867973426,0.226270225630337,0.017999532065038414,OTU,Ext
Funneliformis;OTU1588,935.61,8.677787591459308e-4,0.002959224092833877,Ext,0.004197345318122769,0.2340390668628334,0.003615193547778618,0.2287246809630097,OTU,Ext
Talaromyces;OTU1593,-4956.91,0.013623172445872123,0.03775920412689029,Ext,0.003333729313843147,0,0.0022470952743256175,0,OTU,Ext
Talaromyces;OTU1594,2403.13,8.677787588193779e-4,0.002959224092833877,Ext,0,0.027876830128113924,0,0.008642326643859598,OTU,Ext
